episode_number,video_filename,title,year,description,hashtags,paste_caption,handle,duration_sec,image_credit
396,396-dolly-parton.mp4,Dolly Parton,1973,"She wrote “Jolene” and “I Will Always Love You” in the same writing streak.

Elvis wanted half the publishing. She said no. Whitney still made it a global anthem.

Then she built a theme park, mailed 200 million free books, and dropped a million on COVID vaccine research.

The blueprint. Since 1946.","#DollyParton #Jolene #IWillAlwaysLoveYou #CountryMusic #MusicHistory #HistoryTok #DidYouKnow #FactsOrWhacks","She wrote “Jolene” and “I Will Always Love You” in the same writing streak.

Elvis wanted half the publishing. She said no. Whitney still made it a global anthem.

Then she built a theme park, mailed 200 million free books, and dropped a million on COVID vaccine research.

The blueprint. Since 1946.

@FactsOrWhacks
#DollyParton #Jolene #IWillAlwaysLoveYou #CountryMusic #MusicHistory #HistoryTok #DidYouKnow #FactsOrWhacks",@FactsOrWhacks,30,"Photo: Curtis Hilbun, 2010 · CC BY 3.0"
